{"cameraMode":{"drawMode":0,"name":"Shaded","section":"Shading Mode"},"sceneLighting":false,"audioPlay":false,"sceneViewState":{"showFog":true,"showMaterialUpdate":false,"showSkybox":true,"showFlares":true,"showImageEffects":true,"showParticleSystems":true},"in2DMode":false,"pivot":{"x":-60.40629959106445,"y":-21.77724838256836,"z":9.414807319641114},"rotation":{"x":0.31578877568244936,"y":-0.011391041800379753,"z":0.00379173387773335,"w":0.9487535953521729},"size":22.0,"orthographic":false}