{"cameraMode":{"drawMode":0,"name":"Shaded","section":"Shading Mode"},"sceneLighting":false,"audioPlay":false,"sceneViewState":{"showFog":true,"showMaterialUpdate":false,"showSkybox":true,"showFlares":true,"showImageEffects":true,"showParticleSystems":true},"in2DMode":false,"pivot":{"x":7.142906665802002,"y":3.0843024253845217,"z":-0.21999996900558473},"rotation":{"x":-0.2759060561656952,"y":-0.18960711359977723,"z":0.055614110082387927,"w":-0.9406551718711853},"size":5.855750560760498,"orthographic":false}