{"cameraMode":{"drawMode":0,"name":"Shaded","section":"Shading Mode"},"sceneLighting":false,"audioPlay":false,"sceneViewState":{"showFog":true,"showMaterialUpdate":false,"showSkybox":true,"showFlares":true,"showImageEffects":true,"showParticleSystems":true},"in2DMode":false,"pivot":{"x":-60.40629959106445,"y":-21.77724838256836,"z":9.414807319641114},"rotation":{"x":-0.1334020346403122,"y":0.14718742668628694,"z":-0.020038358867168428,"w":-0.9798665046691895},"size":22.0,"orthographic":false}