{"cameraMode":{"drawMode":0,"name":"Shaded","section":"Shading Mode"},"sceneLighting":false,"audioPlay":false,"sceneViewState":{"showFog":true,"showMaterialUpdate":false,"showSkybox":true,"showFlares":true,"showImageEffects":true,"showParticleSystems":true},"in2DMode":false,"pivot":{"x":102.64039611816406,"y":-32.747764587402347,"z":-7.866142272949219},"rotation":{"x":-0.08883454650640488,"y":-0.1718326210975647,"z":0.0155605124309659,"w":-0.9809892177581787},"size":156.37451171875,"orthographic":false}