{"cameraMode":{"drawMode":0,"name":"Shaded","section":"Shading Mode"},"sceneLighting":true,"audioPlay":false,"sceneViewState":{"showFog":true,"showMaterialUpdate":false,"showSkybox":true,"showFlares":true,"showImageEffects":true,"showParticleSystems":true},"in2DMode":false,"pivot":{"x":37.06103515625,"y":2.2209548950195314,"z":18.922426223754884},"rotation":{"x":-0.14742854237556458,"y":0.17321307957172395,"z":-0.026233533397316934,"w":-0.9734340906143189},"size":55.598655700683597,"orthographic":false}