{"cameraMode":{"drawMode":0,"name":"Shaded","section":"Shading Mode"},"sceneLighting":false,"audioPlay":false,"sceneViewState":{"showFog":true,"showMaterialUpdate":false,"showSkybox":true,"showFlares":true,"showImageEffects":true,"showParticleSystems":true},"in2DMode":false,"pivot":{"x":0.8732593059539795,"y":1.5934597253799439,"z":0.07031440734863281},"rotation":{"x":-0.2759060561656952,"y":-0.18960711359977723,"z":0.055614110082387927,"w":-0.9406551718711853},"size":6.29656457901001,"orthographic":false}