{"cameraMode":{"drawMode":0,"name":"Shaded","section":"Shading Mode"},"sceneLighting":false,"audioPlay":false,"sceneViewState":{"showFog":true,"showMaterialUpdate":false,"showSkybox":true,"showFlares":true,"showImageEffects":true,"showParticleSystems":true},"in2DMode":false,"pivot":{"x":3.799999952316284,"y":2.8175721168518068,"z":-0.4399999678134918},"rotation":{"x":-0.19848205149173737,"y":-0.0038263241294771435,"z":0.0007748295902274549,"w":-0.9800967574119568},"size":4.802419662475586,"orthographic":false}