{"cameraMode":{"drawMode":0,"name":"Shaded","section":"Shading Mode"},"sceneLighting":false,"audioPlay":false,"sceneViewState":{"showFog":true,"showMaterialUpdate":false,"showSkybox":true,"showFlares":true,"showImageEffects":true,"showParticleSystems":true},"in2DMode":false,"pivot":{"x":6.756130695343018,"y":237.94281005859376,"z":269.8577880859375},"rotation":{"x":0.08717666566371918,"y":0.02240917645394802,"z":-0.0019627364818006756,"w":0.9959388971328735},"size":54.44810485839844,"orthographic":false}