{"cameraMode":{"drawMode":0,"name":"Shaded","section":"Shading Mode"},"sceneLighting":false,"audioPlay":false,"sceneViewState":{"showFog":true,"showMaterialUpdate":false,"showSkybox":true,"showFlares":true,"showImageEffects":true,"showParticleSystems":true},"in2DMode":false,"pivot":{"x":14.640366554260254,"y":-6.459123611450195,"z":39.576175689697269},"rotation":{"x":-0.17488329112529756,"y":-0.015656866133213044,"z":0.002781432354822755,"w":-0.9844607710838318},"size":72.4986343383789,"orthographic":false}