{"cameraMode":{"drawMode":0,"name":"Shaded","section":"Shading Mode"},"sceneLighting":true,"audioPlay":false,"sceneViewState":{"showFog":true,"showMaterialUpdate":false,"showSkybox":true,"showFlares":true,"showImageEffects":true,"showParticleSystems":true},"in2DMode":false,"pivot":{"x":0.3731568157672882,"y":3.838627338409424,"z":2.5872273445129396},"rotation":{"x":-0.14083822071552277,"y":0.005046580918133259,"z":-0.0007180163520388305,"w":-0.9900195598602295},"size":14.448365211486817,"orthographic":false}